0;0;0;0
0;0;0;0
0.00025;0;0;0
0.0005;0;0;0
0.00075;0;0;0
0.001;0;0;0
0.00125;0;0;0
0.0015;0;0;0
0.00175;0;0;0
0.002;0;0;0
0.00225;0;0;0
0.0025;0;0;0
0.00275;0;0;0
0.003;0;0;0
0.00325;0;0;0
0.0035;0;0;0
0.00375;0;0;0
0.004;0;0;0
0.00425;0;0;0
0.0045;0;0;0
0.00475;0;0;0
0.005;0;0;0
0.00525;0;0;0
0.0055;0;0;0
0.00575;0;0;0
0.006;0;0;0
0.00625;0;0;0
0.0065;0;0;0
0.00675;0;0;0
0.007;0;0;0
0.00725;0;0;0
0.0075;0;0;0
0.00775;0;0;0
0.008;0;0;0
0.00825;0;0;0
0.0085;0;0;0
0.00875;0;0;0
0.009;0;0;0
0.00925;0;0;0
0.0095;0;0;0
0.00975;0;0;0
0.01;0;0;0
0.01025;0;0;0
0.0105;0;0;0
0.01075;0;0;0
0.011;0;0;0
0.01125;0;0;0
0.0115;0;0;0
0.01175;0;0;0
0.012;0;0;0
0.01225;0;0;0
0.0125;0;0;0
0.01275;0;0;0
0.013;0;0;0
0.01325;0;0;0
0.0135;0;0;0
0.01375;0;0;0
0.014;0;0;0
0.01425;0;0;0
0.0145;0;0;0
0.01475;0;0;0
0.015;0;0;0
0.01525;0;0;0
0.0155;0;0;0
0.01575;0;0;0
0.016;0;0;0
0.01625;0;0;0
0.0165;0;0;0
0.01675;0;0;0
0.017;0;0;0
0.01725;0;0;0
0.0175;0;0;0
0.01775;0;0;0
0.018;0;0;0
0.01825;0;0;0
0.0185;0;0;0
0.01875;0;0;0
0.019;0;0;0
0.01925;0;0;0
0.0195;0;0;0
0.01975;0;0;0
0.02;0;0;0
0.02025;0;0;0
0.0205;0;0;0
0.02075;0;0;0
0.021;0;0;0
0.02125;0;0;0
0.0215;0;0;0
0.02175;0;0;0
0.022;0;0;0
0.02225;0;0;0
0.0225;0;0;0
0.02275;0;0;0
0.023;0;0;0
0.02325;0;0;0
0.0235;0;0;0
0.02375;0;0;0
0.024;0;0;0
0.02425;0;0;0
0.0245;0;0;0
0.02475;0;0;0
0.025;0;0;0
0.02525;0;0;0
0.0255;0;0;0
0.02575;0;0;0
0.026;0;0;0
0.02625;0;0;0
0.0265;0;0;0
0.02675;0;0;0
0.027;0;0;0
0.02725;0;0;0
0.0275;0;0;0
0.02775;0;0;0
0.028;0;0;0
0.02825;0;0;0
0.0285;0;0;0
0.02875;0;0;0
0.029;0;0;0
0.02925;0;0;0
0.0295;0;0;0
0.02975;0;0;0
0.03;0;0;0
0.03025;0;0;0
0.0305;0;0;0
0.03075;0;0;0
0.031;0;0;0
0.03125;0;0;0
0.0315;0;0;0
0.03175;0;0;0
0.032;0;0;0
0.03225;0;0;0
0.0325;0;0;0
0.03275;0;0;0
0.033;0;0;0
0.03325;0;0;0
0.0335;0;0;0
0.03375;0;0;0
0.034;0;0;0
0.03425;0;0;0
0.0345;0;0;0
0.03475;0;0;0
0.035;0;0;0
0.03525;0;0;0
0.0355;0;0;0
0.03575;0;0;0
0.036;0;0;0
0.03625;0;0;0
0.0365;0;0;0
0.03675;0;0;0
0.037;0;0;0
0.03725;0;0;0
0.0375;0;0;0
0.03775;0;0;0
0.038;0;0;0
0.03825;0;0;0
0.0385;0;0;0
0.03875;0;0;0
0.039;0;0;0
0.03925;0;0;0
0.0395;0;0;0
0.03975;0;0;0
0.04;0;0;0
0.04025;0;0;0
0.0405;0;0;0
0.04075;0;0;0
0.041;0;0;0
0.04125;0;0;0
0.0415;0;0;0
0.04175;0;0;0
0.042;0;0;0
0.04225;0;0;0
0.0425;0;0;0
0.04275;0;0;0
0.043;0;0;0
0.04325;0;0;0
0.0435;0;0;0
0.04375;0;0;0
0.044;0;0;0
0.04425;0;0;0
0.0445;0;0;0
0.04475;0;0;0
0.045;0;0;0
0.04525;0;0;0
0.0455;0;0;0
0.04575;0;0;0
0.046;0;0;0
0.04625;0;0;0
0.0465;0;0;0
0.04675;0;0;0
0.047;0;0;0
0.04725;0;0;0
0.0475;0;0;0
0.04775;0;0;0
0.048;0;0;0
0.04825;0;0;0
0.0485;0;0;0
0.04875;0;0;0
0.049;0;0;0
0.04925;0;0;0
0.0495;0;0;0
0.04975;0;0;0
0.05;0;0;0
0.05025;0;0;0
0.0505;0;0;0
0.05075;0;0;0
0.051;0;0;0
0.05125;0;0;0
0.0515;0;0;0
0.05175;0;0;0
0.052;0;0;0
0.05225;0;0;0
0.0525;0;0;0
0.05275;0;0;0
0.053;0;0;0
0.05325;0;0;0
0.0535;0;0;0
0.05375;0;0;0
0.054;0;0;0
0.05425;0;0;0
0.0545;0;0;0
0.05475;0;0;0
0.055;0;0;0
0.05525;0;0;0
0.0555;0;0;0
0.05575;0;0;0
0.056;0;0;0
0.05625;0;0;0
0.0565;0;0;0
0.05675;0;0;0
0.057;0;0;0
0.05725;0;0;0
0.0575;0;0;0
0.05775;0;0;0
0.058;0;0;0
0.05825;0;0;0
0.0585;0;0;0
0.05875;0;0;0
0.059;0;0;0
0.05925;0;0;0
0.0595;0;0;0
0.05975;0;0;0
0.06;0;0;0
0.06025;0;0;0
0.0605;0;0;0
0.06075;0;0;0
0.061;0;0;0
0.06125;0;0;0
0.0615;0;0;0
0.06175;0;0;0
0.062;0;0;0
0.06225;0;0;0
0.0625;0;0;0
0.06275;0;0;0
0.063;0;0;0
0.06325;0;0;0
0.0635;0;0;0
0.06375;0;0;0
0.064;0;0;0
0.06425;0;0;0
0.0645;0;0;0
0.06475;0;0;0
0.065;0;0;0
0.06525;0;0;0
0.0655;0;0;0
0.06575;0;0;0
0.066;0;0;0
0.06625;0;0;0
0.0665;0;0;0
0.06675;0;0;0
0.067;0;0;0
0.06725;0;0;0
0.0675;0;0;0
0.06775;0;0;0
0.068;0;0;0
0.06825;0;0;0
0.0685;0;0;0
0.06875;0;0;0
0.069;0;0;0
0.06925;0;0;0
0.0695;0;0;0
0.06975;0;0;0
0.07;0;0;0
0.07025;0;0;0
0.0705;0;0;0
0.07075;0;0;0
0.071;0;0;0
0.07125;0;0;0
0.0715;0;0;0
0.07175;0;0;0
0.072;0;0;0
0.07225;0;0;0
0.0725;0;0;0
0.07275;0;0;0
0.073;0;0;0
0.07325;0;0;0
0.0735;0;0;0
0.07375;0;0;0
0.074;0;0;0
0.07425;0;0;0
0.0745;0;0;0
0.07475;0;0;0
0.075;0;0;0
0.07525;0;0;0
0.0755;0;0;0
0.07575;0;0;0
0.076;0;0;0
0.07625;0;0;0
0.0765;0;0;0
0.07675;0;0;0
0.077;0;0;0
0.07725;0;0;0
0.0775;0;0;0
0.07775;0;0;0
0.078;0;0;0
0.07825;0;0;0
0.0785;0;0;0
0.07875;0;0;0
0.079;0;0;0
0.07925;0;0;0
0.0795;0;0;0
0.07975;0;0;0
0.08;0;0;0
0.08025;0;0;0
0.0805;0;0;0
0.08075;0;0;0
0.081;0;0;0
0.08125;0;0;0
0.0815;0;0;0
0.08175;0;0;0
0.082;0;0;0
0.08225;0;0;0
0.0825;0;0;0
0.08275;0;0;0
0.083;0;0;0
0.08325;0;0;0
0.0835;0;0;0
0.08375;0;0;0
0.084;0;0;0
0.08425;0;0;0
0.0845;0;0;0
0.08475;0;0;0
0.085;0;0;0
0.08525;0;0;0
0.0855;0;0;0
0.08575;0;0;0
0.086;0;0;0
0.08625;0;0;0
0.0865;0;0;0
0.08675;0;0;0
0.087;0;0;0
0.08725;0;0;0
0.0875;0;0;0
0.08775;0;0;0
0.088;0;0;0
0.08825;0;0;0
0.0885;0;0;0
0.08875;0;0;0
0.089;0;0;0
0.08925;0;0;0
0.0895;0;0;0
0.08975;0;0;0
0.09;0;0;0
0.09025;0;0;0
0.0905;0;0;0
0.09075;0;0;0
0.091;0;0;0
0.09125;0;0;0
0.0915;0;0;0
0.09175;0;0;0
0.092;0;0;0
0.09225;0;0;0
0.0925;0;0;0
0.09275;0;0;0
0.093;0;0;0
0.09325;0;0;0
0.0935;0;0;0
0.09375;0;0;0
0.094;0;0;0
0.09425;0;0;0
0.0945;0;0;0
0.09475;0;0;0
0.095;0;0;0
0.09525;0;0;0
0.0955;0;0;0
0.09575;0;0;0
0.096;0;0;0
0.09625;0;0;0
0.0965;0;0;0
0.09675;0;0;0
0.097;0;0;0
0.09725;0;0;0
0.0975;0;0;0
0.09775;0;0;0
0.098;0;0;0
0.09825;0;0;0
0.0985;0;0;0
0.09875;0;0;0
0.099;0;0;0
0.09925;0;0;0
0.0995;0;0;0
0.09975;0;0;0
0.1;0;0.01;0
0.10025;5.27E-07;0.01;7.51E-07
0.1005;3.44E-06;0.01;4.69E-06
0.10075;9.17E-06;0.01;1.24E-05
0.101;1.77E-05;0.01;2.37E-05
0.10125;2.89E-05;0.01;3.87E-05
0.1015;4.28E-05;0.01;5.71E-05
0.10175;5.92E-05;0.01;7.89E-05
0.102;7.81E-05;0.01;0.000103888
0.10225;9.93E-05;0.01;0.000132071
0.1025;0.000122904;0.01;0.0001633
0.10275;0.000148712;0.01;0.000197471
0.103;0.000176681;0.01;0.000234485
0.10325;0.000206739;0.01;0.000274241
0.1035;0.000238814;0.01;0.000316641
0.10375;0.000272835;0.01;0.000361591
0.104;0.000308734;0.01;0.000408995
0.10425;0.000346443;0.01;0.00045876
0.1045;0.000385896;0.01;0.000510794
0.10475;0.000427028;0.01;0.00056501
0.105;0.000469776;0.01;0.000621318
0.10525;0.000514077;0.01;0.000679632
0.1055;0.00055987;0.01;0.000739866
0.10575;0.000607095;0.01;0.000801939
0.106;0.000655693;0.01;0.000865768
0.10625;0.000705607;0.01;0.000931273
0.1065;0.000756781;0.01;0.000998375
0.10675;0.000809159;0.01;0.001066998
0.107;0.000862688;0.01;0.001137065
0.10725;0.000917315;0.01;0.001208504
0.1075;0.000972989;0.01;0.001281243
0.10775;0.001029659;0.01;0.001355209
0.108;0.001087276;0.01;0.001430334
0.10825;0.001145792;0.01;0.00150655
0.1085;0.001205158;0.01;0.001583791
0.10875;0.00126533;0.01;0.00166199
0.109;0.001326261;0.01;0.001741086
0.10925;0.001387909;0.01;0.001821015
0.1095;0.00145023;0.01;0.001901716
0.10975;0.00151318;0.01;0.001983131
0.11;0.001576721;0.01;0.002065202
0.11025;0.001640811;0.01;0.002147873
0.1105;0.001705413;0.01;0.002231089
0.11075;0.001770487;0.01;0.002314795
0.111;0.001835997;0.01;0.002398939
0.11125;0.001901907;0.01;0.002483471
0.1115;0.00196818;0.01;0.00256834
0.11175;0.002034783;0.01;0.002653498
0.112;0.002101682;0.01;0.002738897
0.11225;0.002168844;0.01;0.002824495
0.1125;0.002236238;0.01;0.002910242
0.11275;0.002303832;0.01;0.002996093
0.113;0.002371596;0.01;0.003082006
0.11325;0.002439504;0.01;0.003167939
0.1135;0.002507523;0.01;0.003253846
0.11375;0.002575623;0.01;0.003339696
0.114;0.002643779;0.01;0.003425452
0.11425;0.002711964;0.01;0.003511077
0.1145;0.002780148;0.01;0.003596543
0.11475;0.00284831;0.01;0.003681811
0.115;0.002916427;0.01;0.003766849
0.11525;0.002984476;0.01;0.003851624
0.1155;0.003052435;0.01;0.003936106
0.11575;0.003120282;0.01;0.004020265
0.116;0.003188001;0.01;0.004104071
0.11625;0.003255569;0.01;0.004187497
0.1165;0.003322965;0.01;0.004270516
0.11675;0.00339017;0.01;0.004353102
0.117;0.003457166;0.01;0.00443523
0.11725;0.003523935;0.01;0.004516876
0.1175;0.003590458;0.01;0.004598016
0.11775;0.00365672;0.01;0.004678629
0.118;0.003722705;0.01;0.004758692
0.11825;0.003788395;0.01;0.004838187
0.1185;0.003853778;0.01;0.004917091
0.11875;0.003918837;0.01;0.004995388
0.119;0.00398356;0.01;0.005073059
0.11925;0.004047932;0.01;0.005150086
0.1195;0.00411194;0.01;0.005226454
0.11975;0.004175573;0.01;0.005302147
0.12;0.004238818;0.01;0.00537715
0.12025;0.004301663;0.01;0.005451448
0.1205;0.004364098;0.01;0.00552503
0.12075;0.004426113;0.01;0.005597881
0.121;0.004487697;0.01;0.00566999
0.12125;0.00454884;0.01;0.005741345
0.1215;0.004609534;0.01;0.005811936
0.12175;0.004669769;0.01;0.005881754
0.122;0.004729538;0.01;0.005950788
0.12225;0.004788832;0.01;0.00601903
0.1225;0.004847644;0.01;0.006086472
0.12275;0.004905967;0.01;0.006153106
0.123;0.004963794;0.01;0.006218926
0.12325;0.005021119;0.01;0.006283926
0.1235;0.005077936;0.01;0.006348098
0.12375;0.005134239;0.01;0.006411439
0.124;0.005190022;0.01;0.006473944
0.12425;0.005245282;0.01;0.006535608
0.1245;0.005300012;0.01;0.006596427
0.12475;0.00535421;0.01;0.006656399
0.125;0.00540787;0.01;0.006715521
0.12525;0.00546099;0.01;0.006773791
0.1255;0.005513566;0.01;0.006831206
0.12575;0.005565594;0.01;0.006887766
0.126;0.005617073;0.01;0.006943469
0.12625;0.005667999;0.01;0.006998316
0.1265;0.00571837;0.01;0.007052305
0.12675;0.005768185;0.01;0.007105438
0.127;0.005817441;0.01;0.007157715
0.12725;0.005866137;0.01;0.007209137
0.1275;0.005914272;0.01;0.007259705
0.12775;0.005961845;0.01;0.007309421
0.128;0.006008856;0.01;0.007358288
0.12825;0.006055303;0.01;0.007406307
0.1285;0.006101186;0.01;0.007453482
0.12875;0.006146505;0.01;0.007499816
0.129;0.006191261;0.01;0.007545311
0.12925;0.006235453;0.01;0.007589972
0.1295;0.006279083;0.01;0.007633802
0.12975;0.00632215;0.01;0.007676805
0.13;0.006364656;0.01;0.007718987
0.13025;0.006406601;0.01;0.007760351
0.1305;0.006447988;0.01;0.007800903
0.13075;0.006488816;0.01;0.007840647
0.131;0.006529089;0.01;0.007879589
0.13125;0.006568807;0.01;0.007917735
0.1315;0.006607973;0.01;0.00795509
0.13175;0.006646588;0.01;0.007991661
0.132;0.006684654;0.01;0.008027453
0.13225;0.006722174;0.01;0.008062473
0.1325;0.006759151;0.01;0.008096726
0.13275;0.006795586;0.01;0.008130221
0.133;0.006831482;0.01;0.008162964
0.13325;0.006866842;0.01;0.008194961
0.1335;0.00690167;0.01;0.008226219
0.13375;0.006935967;0.01;0.008256747
0.134;0.006969738;0.01;0.008286551
0.13425;0.007002984;0.01;0.008315638
0.1345;0.007035711;0.01;0.008344017
0.13475;0.00706792;0.01;0.008371694
0.135;0.007099615;0.01;0.008398678
0.13525;0.007130801;0.01;0.008424977
0.1355;0.00716148;0.01;0.008450598
0.13575;0.007191656;0.01;0.00847555
0.136;0.007221333;0.01;0.00849984
0.13625;0.007250515;0.01;0.008523476
0.1365;0.007279206;0.01;0.008546468
0.13675;0.00730741;0.01;0.008568823
0.137;0.00733513;0.01;0.008590549
0.13725;0.007362371;0.01;0.008611655
0.1375;0.007389138;0.01;0.008632149
0.13775;0.007415433;0.01;0.008652041
0.138;0.007441262;0.01;0.008671337
0.13825;0.007466629;0.01;0.008690047
0.1385;0.007491538;0.01;0.008708179
0.13875;0.007515993;0.01;0.008725742
0.139;0.007539999;0.01;0.008742745
0.13925;0.007563561;0.01;0.008759195
0.1395;0.007586682;0.01;0.008775101
0.13975;0.007609367;0.01;0.008790473
0.14;0.007631621;0.01;0.008805318
0.14025;0.007653448;0.01;0.008819645
0.1405;0.007674854;0.01;0.008833462
0.14075;0.007695841;0.01;0.008846778
0.141;0.007716416;0.01;0.008859602
0.14125;0.007736582;0.01;0.008871942
0.1415;0.007756345;0.01;0.008883807
0.14175;0.007775709;0.01;0.008895204
0.142;0.007794678;0.01;0.008906143
0.14225;0.007813257;0.01;0.008916631
0.1425;0.007831452;0.01;0.008926677
0.14275;0.007849266;0.01;0.008936289
0.143;0.007866704;0.01;0.008945476
0.14325;0.007883771;0.01;0.008954245
0.1435;0.007900472;0.01;0.008962605
0.14375;0.007916811;0.01;0.008970564
0.144;0.007932792;0.01;0.00897813
0.14425;0.007948422;0.01;0.00898531
0.1445;0.007963703;0.01;0.008992114
0.14475;0.007978641;0.01;0.008998548
0.145;0.007993241;0.01;0.00900462
0.14525;0.008007506;0.01;0.009010338
0.1455;0.008021443;0.01;0.00901571
0.14575;0.008035054;0.01;0.009020744
0.146;0.008048345;0.01;0.009025447
0.14625;0.00806132;0.01;0.009029826
0.1465;0.008073984;0.01;0.009033889
0.14675;0.008086341;0.01;0.009037643
0.147;0.008098396;0.01;0.009041095
0.14725;0.008110153;0.01;0.009044253
0.1475;0.008121617;0.01;0.009047124
0.14775;0.008132791;0.01;0.009049715
0.148;0.008143682;0.01;0.009052033
0.14825;0.008154292;0.01;0.009054084
0.1485;0.008164626;0.01;0.009055875
0.14875;0.008174688;0.01;0.009057414
0.149;0.008184483;0.01;0.009058707
0.14925;0.008194016;0.01;0.00905976
0.1495;0.008203289;0.01;0.009060579
0.14975;0.008212308;0.01;0.009061172
0.15;0.008221076;0.01;0.009061545
0.15025;0.008229598;0.01;0.009061704
0.1505;0.008237878;0.01;0.009061654
0.15075;0.00824592;0.01;0.009061403
0.151;0.008253728;0.01;0.009060955
0.15125;0.008261305;0.01;0.009060318
0.1515;0.008268657;0.01;0.009059496
0.15175;0.008275786;0.01;0.009058496
0.152;0.008282697;0.01;0.009057323
0.15225;0.008289394;0.01;0.009055983
0.1525;0.008295879;0.01;0.00905448
0.15275;0.008302159;0.01;0.009052812
0.153;0.008308235;0.01;0.009050993
0.15325;0.008314112;0.01;0.00904903
0.1535;0.008319793;0.01;0.009046926
0.15375;0.008325282;0.01;0.009044688
0.154;0.008330583;0.01;0.00904232
0.15425;0.008335699;0.01;0.009039826
0.1545;0.008340634;0.01;0.009037212
0.15475;0.008345391;0.01;0.009034483
0.155;0.008349973;0.01;0.009031642
0.15525;0.008354385;0.01;0.009028695
0.1555;0.00835863;0.01;0.009025645
0.15575;0.00836271;0.01;0.009022498
0.156;0.008366629;0.01;0.009019258
0.15625;0.008370391;0.01;0.009015928
0.1565;0.008373999;0.01;0.009012512
0.15675;0.008377456;0.01;0.009009016
0.157;0.008380764;0.01;0.009005442
0.15725;0.008383918;0.01;0.009001795
0.1575;0.008386932;0.01;0.008998078
0.15775;0.008389807;0.01;0.008994295
0.158;0.008392546;0.01;0.00899045
0.15825;0.008395154;0.01;0.008986547
0.1585;0.008397632;0.01;0.008982588
0.15875;0.008399984;0.01;0.008978577
0.159;0.008402212;0.01;0.008974517
0.15925;0.008404319;0.01;0.008970414
0.1595;0.008406308;0.01;0.008966268
0.15975;0.008408182;0.01;0.008962082
0.16;0.008409943;0.01;0.008957861
0.16025;0.008411594;0.01;0.008953605
0.1605;0.008413137;0.01;0.00894932
0.16075;0.008414576;0.01;0.008945007
0.161;0.008415912;0.01;0.00894067
0.16125;0.008417148;0.01;0.008936311
0.1615;0.008418287;0.01;0.008931933
0.16175;0.008419331;0.01;0.008927538
0.162;0.008420282;0.01;0.008923129
0.16225;0.008421144;0.01;0.008918709
0.1625;0.008421917;0.01;0.008914279
0.16275;0.008422604;0.01;0.008909843
0.163;0.008423209;0.01;0.008905402
0.16325;0.008423732;0.01;0.00890096
0.1635;0.008424176;0.01;0.008896519
0.16375;0.008424543;0.01;0.00889208
0.164;0.008424835;0.01;0.008887646
0.16425;0.008425054;0.01;0.008883219
0.1645;0.008425203;0.01;0.008878799
0.16475;0.008425283;0.01;0.008874388
0.165;0.008425297;0.01;0.008869987
0.16525;0.008425246;0.01;0.008865598
0.1655;0.008425131;0.01;0.008861223
0.16575;0.008424956;0.01;0.008856864
0.166;0.008424722;0.01;0.008852521
0.16625;0.00842443;0.01;0.008848197
0.1665;0.008424083;0.01;0.008843893
0.16675;0.008423681;0.01;0.008839609
0.167;0.008423228;0.01;0.008835349
0.16725;0.008422724;0.01;0.008831112
0.1675;0.008422171;0.01;0.008826901
0.16775;0.008421571;0.01;0.008822716
0.168;0.008420926;0.01;0.008818558
0.16825;0.008420238;0.01;0.008814429
0.1685;0.008419507;0.01;0.008810328
0.16875;0.008418735;0.01;0.008806259
0.169;0.008417923;0.01;0.00880222
0.16925;0.008417072;0.01;0.008798214
0.1695;0.008416185;0.01;0.008794241
0.16975;0.008415262;0.01;0.008790302
0.17;0.008414305;0.01;0.008786398
0.17025;0.008413315;0.01;0.008782529
0.1705;0.008412294;0.01;0.008778696
0.17075;0.008411243;0.01;0.008774901
0.171;0.008410162;0.01;0.008771143
0.17125;0.008409054;0.01;0.008767423
0.1715;0.00840792;0.01;0.008763742
0.17175;0.00840676;0.01;0.0087601
0.172;0.008405576;0.01;0.008756498
0.17225;0.00840437;0.01;0.008752936
0.1725;0.008403141;0.01;0.008749415
0.17275;0.008401892;0.01;0.008745936
0.173;0.008400624;0.01;0.008742497
0.17325;0.008399337;0.01;0.008739101
0.1735;0.008398032;0.01;0.008735747
0.17375;0.00839671;0.01;0.008732436
0.174;0.008395373;0.01;0.008729167
0.17425;0.008394021;0.01;0.008725941
0.1745;0.008392655;0.01;0.008722759
0.17475;0.008391276;0.01;0.00871962
0.175;0.008389885;0.01;0.008716525
0.17525;0.008388483;0.01;0.008713473
0.1755;0.00838707;0.01;0.008710465
0.17575;0.008385648;0.01;0.008707502
0.176;0.008384216;0.01;0.008704582
0.17625;0.008382777;0.01;0.008701706
0.1765;0.008381331;0.01;0.008698875
0.17675;0.008379878;0.01;0.008696088
0.177;0.008378419;0.01;0.008693344
0.17725;0.008376956;0.01;0.008690645
0.1775;0.008375488;0.01;0.00868799
0.17775;0.008374016;0.01;0.008685379
0.178;0.008372542;0.01;0.008682812
0.17825;0.008371066;0.01;0.008680288
0.1785;0.008369588;0.01;0.008677809
0.17875;0.008368109;0.01;0.008675372
0.179;0.008366629;0.01;0.008672979
0.17925;0.00836515;0.01;0.00867063
0.1795;0.008363671;0.01;0.008668323
0.17975;0.008362193;0.01;0.008666059
0.18;0.008360717;0.01;0.008663837
0.18025;0.008359242;0.01;0.008661658
0.1805;0.00835777;0.01;0.008659521
0.18075;0.008356302;0.01;0.008657426
0.181;0.008354836;0.01;0.008655373
0.18125;0.008353375;0.01;0.008653361
0.1815;0.008351917;0.01;0.00865139
0.18175;0.008350464;0.01;0.008649459
0.182;0.008349017;0.01;0.008647569
0.18225;0.008347574;0.01;0.00864572
0.1825;0.008346137;0.01;0.00864391
0.18275;0.008344706;0.01;0.008642139
0.183;0.008343282;0.01;0.008640408
0.18325;0.008341863;0.01;0.008638716
0.1835;0.008340452;0.01;0.008637061
0.18375;0.008339047;0.01;0.008635445
0.184;0.00833765;0.01;0.008633867
0.18425;0.008336261;0.01;0.008632326
0.1845;0.00833488;0.01;0.008630822
0.18475;0.008333507;0.01;0.008629354
0.185;0.008332142;0.01;0.008627923
0.18525;0.008330787;0.01;0.008626527
0.1855;0.00832944;0.01;0.008625167
0.18575;0.008328102;0.01;0.008623842
0.186;0.008326774;0.01;0.008622551
0.18625;0.008325455;0.01;0.008621294
0.1865;0.008324146;0.01;0.008620071
0.18675;0.008322847;0.01;0.008618881
0.187;0.008321558;0.01;0.008617724
0.18725;0.00832028;0.01;0.0086166
0.1875;0.008319011;0.01;0.008615507
0.18775;0.008317754;0.01;0.008614446
0.188;0.008316507;0.01;0.008613416
0.18825;0.008315271;0.01;0.008612417
0.1885;0.008314047;0.01;0.008611448
0.18875;0.008312833;0.01;0.008610509
0.189;0.00831163;0.01;0.008609599
0.18925;0.008310439;0.01;0.008608718
0.1895;0.008309259;0.01;0.008607866
0.18975;0.008308091;0.01;0.008607041
0.19;0.008306935;0.01;0.008606245
0.19025;0.00830579;0.01;0.008605475
0.1905;0.008304657;0.01;0.008604732
0.19075;0.008303535;0.01;0.008604015
0.191;0.008302426;0.01;0.008603325
0.19125;0.008301328;0.01;0.008602659
0.1915;0.008300243;0.01;0.008602019
0.19175;0.008299169;0.01;0.008601403
0.192;0.008298108;0.01;0.008600811
0.19225;0.008297058;0.01;0.008600243
0.1925;0.008296021;0.01;0.008599698
0.19275;0.008294996;0.01;0.008599175
0.193;0.008293983;0.01;0.008598676
0.19325;0.008292982;0.01;0.008598198
0.1935;0.008291993;0.01;0.008597741
0.19375;0.008291017;0.01;0.008597305
0.194;0.008290052;0.01;0.00859689
0.19425;0.0082891;0.01;0.008596495
0.1945;0.00828816;0.01;0.00859612
0.19475;0.008287232;0.01;0.008595764
0.195;0.008286316;0.01;0.008595427
0.19525;0.008285412;0.01;0.00859511
0.1955;0.00828452;0.01;0.00859481
0.19575;0.008283641;0.01;0.008594528
0.196;0.008282773;0.01;0.008594264
0.19625;0.008281917;0.01;0.008594017
0.1965;0.008281073;0.01;0.008593786
0.19675;0.008280241;0.01;0.008593572
0.197;0.008279421;0.01;0.008593374
0.19725;0.008278612;0.01;0.008593192
0.1975;0.008277815;0.01;0.008593024
0.19775;0.00827703;0.01;0.008592872
0.198;0.008276256;0.01;0.008592733
0.19825;0.008275494;0.01;0.00859261
0.1985;0.008274744;0.01;0.008592499
0.19875;0.008274005;0.01;0.008592403
0.199;0.008273277;0.01;0.008592319
0.19925;0.00827256;0.01;0.008592248
0.1995;0.008271855;0.01;0.008592189
0.19975;0.008271161;0.01;0.008592143
0.2;0.008270478;0.01;0.008592108
0.20025;0.008269806;0.01;0.008592084
0.2005;0.008269144;0.01;0.008592072
0.20075;0.008268494;0.01;0.00859207
0.201;0.008267854;0.01;0.008592079
0.20125;0.008267225;0.01;0.008592098
0.2015;0.008266607;0.01;0.008592127
0.20175;0.008265999;0.01;0.008592166
0.202;0.008265401;0.01;0.008592213
0.20225;0.008264814;0.01;0.00859227
0.2025;0.008264237;0.01;0.008592335
0.20275;0.00826367;0.01;0.008592409
0.203;0.008263113;0.01;0.00859249
0.20325;0.008262566;0.01;0.00859258
0.2035;0.008262029;0.01;0.008592677
0.20375;0.008261502;0.01;0.008592782
0.204;0.008260984;0.01;0.008592893
0.20425;0.008260476;0.01;0.008593011
0.2045;0.008259978;0.01;0.008593136
0.20475;0.008259488;0.01;0.008593267
0.205;0.008259009;0.01;0.008593404
0.20525;0.008258538;0.01;0.008593547
0.2055;0.008258076;0.01;0.008593696
0.20575;0.008257623;0.01;0.008593849
0.206;0.00825718;0.01;0.008594008
0.20625;0.008256745;0.01;0.008594172
0.2065;0.008256318;0.01;0.00859434
0.20675;0.008255901;0.01;0.008594513
0.207;0.008255491;0.01;0.00859469
0.20725;0.00825509;0.01;0.00859487
0.2075;0.008254698;0.01;0.008595055
0.20775;0.008254314;0.01;0.008595243
0.208;0.008253937;0.01;0.008595434
0.20825;0.008253569;0.01;0.008595629
0.2085;0.008253208;0.01;0.008595827
0.20875;0.008252856;0.01;0.008596027
0.209;0.008252511;0.01;0.00859623
0.20925;0.008252174;0.01;0.008596436
0.2095;0.008251844;0.01;0.008596644
0.20975;0.008251521;0.01;0.008596854
0.21;0.008251206;0.01;0.008597066
0.21025;0.008250898;0.01;0.00859728
0.2105;0.008250597;0.01;0.008597496
0.21075;0.008250303;0.01;0.008597713
0.211;0.008250016;0.01;0.008597932
0.21125;0.008249736;0.01;0.008598152
0.2115;0.008249462;0.01;0.008598373
0.21175;0.008249195;0.01;0.008598596
0.212;0.008248935;0.01;0.008598819
0.21225;0.008248681;0.01;0.008599042
0.2125;0.008248433;0.01;0.008599267
0.21275;0.008248192;0.01;0.008599492
0.213;0.008247956;0.01;0.008599717
0.21325;0.008247727;0.01;0.008599943
0.2135;0.008247504;0.01;0.008600169
0.21375;0.008247286;0.01;0.008600395
0.214;0.008247074;0.01;0.00860062
0.21425;0.008246868;0.01;0.008600846
0.2145;0.008246668;0.01;0.008601072
0.21475;0.008246473;0.01;0.008601297
0.215;0.008246283;0.01;0.008601522
0.21525;0.008246098;0.01;0.008601746
0.2155;0.008245919;0.01;0.008601969
0.21575;0.008245745;0.01;0.008602192
0.216;0.008245576;0.01;0.008602415
0.21625;0.008245412;0.01;0.008602636
0.2165;0.008245253;0.01;0.008602857
0.21675;0.008245099;0.01;0.008603076
0.217;0.008244949;0.01;0.008603295
0.21725;0.008244804;0.01;0.008603512
0.2175;0.008244663;0.01;0.008603728
0.21775;0.008244526;0.01;0.008603943
0.218;0.008244394;0.01;0.008604157
0.21825;0.008244267;0.01;0.008604369
0.2185;0.008244143;0.01;0.00860458
0.21875;0.008244024;0.01;0.008604789
0.219;0.008243908;0.01;0.008604997
0.21925;0.008243797;0.01;0.008605203
0.2195;0.008243689;0.01;0.008605408
0.21975;0.008243586;0.01;0.008605611
0.22;0.008243485;0.01;0.008605812
0.22025;0.008243389;0.01;0.008606011
0.2205;0.008243296;0.01;0.008606209
0.22075;0.008243207;0.01;0.008606405
0.221;0.008243121;0.01;0.008606599
0.22125;0.008243039;0.01;0.008606791
0.2215;0.008242959;0.01;0.008606981
0.22175;0.008242883;0.01;0.00860717
0.222;0.008242811;0.01;0.008607356
0.22225;0.008242741;0.01;0.00860754
0.2225;0.008242674;0.01;0.008607723
0.22275;0.008242611;0.01;0.008607903
0.223;0.00824255;0.01;0.008608081
0.22325;0.008242492;0.01;0.008608257
0.2235;0.008242437;0.01;0.008608431
0.22375;0.008242384;0.01;0.008608603
0.224;0.008242335;0.01;0.008608772
0.22425;0.008242287;0.01;0.00860894
0.2245;0.008242243;0.01;0.008609105
0.22475;0.008242201;0.01;0.008609268
0.225;0.008242161;0.01;0.008609429
0.22525;0.008242124;0.01;0.008609588
0.2255;0.008242089;0.01;0.008609745
0.22575;0.008242056;0.01;0.008609899
0.226;0.008242025;0.01;0.008610051
0.22625;0.008241997;0.01;0.008610201
0.2265;0.008241971;0.01;0.008610349
0.22675;0.008241946;0.01;0.008610494
0.227;0.008241924;0.01;0.008610637
0.22725;0.008241904;0.01;0.008610778
0.2275;0.008241886;0.01;0.008610917
0.22775;0.008241869;0.01;0.008611053
0.228;0.008241854;0.01;0.008611188
0.22825;0.008241841;0.01;0.00861132
0.2285;0.00824183;0.01;0.00861145
0.22875;0.00824182;0.01;0.008611577
0.229;0.008241813;0.01;0.008611703
0.22925;0.008241806;0.01;0.008611826
0.2295;0.008241801;0.01;0.008611947
0.22975;0.008241798;0.01;0.008612066
0.23;0.008241796;0.01;0.008612183
0.23025;0.008241795;0.01;0.008612298
0.2305;0.008241796;0.01;0.00861241
0.23075;0.008241798;0.01;0.008612521
0.231;0.008241802;0.01;0.008612629
0.23125;0.008241807;0.01;0.008612735
0.2315;0.008241812;0.01;0.008612839
0.23175;0.008241819;0.01;0.008612941
0.232;0.008241828;0.01;0.008613041
0.23225;0.008241837;0.01;0.008613139
0.2325;0.008241847;0.01;0.008613235
0.23275;0.008241859;0.01;0.008613328
0.233;0.008241871;0.01;0.00861342
0.23325;0.008241885;0.01;0.00861351
0.2335;0.008241899;0.01;0.008613598
0.23375;0.008241914;0.01;0.008613684
0.234;0.00824193;0.01;0.008613768
0.23425;0.008241947;0.01;0.00861385
0.2345;0.008241965;0.01;0.00861393
0.23475;0.008241983;0.01;0.008614008
0.235;0.008242002;0.01;0.008614085
0.23525;0.008242022;0.01;0.00861416
0.2355;0.008242043;0.01;0.008614232
0.23575;0.008242064;0.01;0.008614303
0.236;0.008242086;0.01;0.008614373
0.23625;0.008242109;0.01;0.00861444
0.2365;0.008242132;0.01;0.008614506
0.23675;0.008242156;0.01;0.00861457
0.237;0.00824218;0.01;0.008614632
0.23725;0.008242205;0.01;0.008614693
0.2375;0.00824223;0.01;0.008614752
0.23775;0.008242255;0.01;0.00861481
0.238;0.008242282;0.01;0.008614865
0.23825;0.008242308;0.01;0.00861492
0.2385;0.008242335;0.01;0.008614972
0.23875;0.008242362;0.01;0.008615023
0.239;0.00824239;0.01;0.008615073
0.23925;0.008242418;0.01;0.008615121
0.2395;0.008242446;0.01;0.008615168
0.23975;0.008242475;0.01;0.008615213
0.24;0.008242504;0.01;0.008615257
0.24025;0.008242533;0.01;0.008615299
0.2405;0.008242563;0.01;0.00861534
0.24075;0.008242592;0.01;0.00861538
0.241;0.008242622;0.01;0.008615418
0.24125;0.008242652;0.01;0.008615455
0.2415;0.008242682;0.01;0.00861549
0.24175;0.008242713;0.01;0.008615525
0.242;0.008242743;0.01;0.008615558
0.24225;0.008242774;0.01;0.00861559
0.2425;0.008242804;0.01;0.00861562
0.24275;0.008242835;0.01;0.00861565
0.243;0.008242866;0.01;0.008615678
0.24325;0.008242897;0.01;0.008615705
0.2435;0.008242928;0.01;0.008615731
0.24375;0.008242959;0.01;0.008615756
0.244;0.008242991;0.01;0.00861578
0.24425;0.008243022;0.01;0.008615803
0.2445;0.008243053;0.01;0.008615824
0.24475;0.008243084;0.01;0.008615845
0.245;0.008243115;0.01;0.008615865
0.24525;0.008243146;0.01;0.008615883
0.2455;0.008243178;0.01;0.008615901
0.24575;0.008243209;0.01;0.008615918
0.246;0.00824324;0.01;0.008615934
0.24625;0.008243271;0.01;0.008615949
0.2465;0.008243301;0.01;0.008615963
0.24675;0.008243332;0.01;0.008615976
0.247;0.008243363;0.01;0.008615988
0.24725;0.008243394;0.01;0.008616
0.2475;0.008243424;0.01;0.008616011
0.24775;0.008243455;0.01;0.008616021
0.248;0.008243485;0.01;0.00861603
0.24825;0.008243515;0.01;0.008616038
0.2485;0.008243545;0.01;0.008616046
0.24875;0.008243575;0.01;0.008616053
0.249;0.008243605;0.01;0.008616059
0.24925;0.008243634;0.01;0.008616065
0.2495;0.008243664;0.01;0.00861607
0.24975;0.008243693;0.01;0.008616074
0.25;0.008243722;0.01;0.008616078
0.25025;0.008243751;0.01;0.008616081
0.2505;0.00824378;0.01;0.008616083
0.25075;0.008243808;0.01;0.008616085
0.251;0.008243836;0.01;0.008616087
0.25125;0.008243865;0.01;0.008616087
0.2515;0.008243893;0.01;0.008616088
0.25175;0.00824392;0.01;0.008616087
0.252;0.008243948;0.01;0.008616086
0.25225;0.008243975;0.01;0.008616085
0.2525;0.008244002;0.01;0.008616083
0.25275;0.008244029;0.01;0.008616081
0.253;0.008244056;0.01;0.008616079
0.25325;0.008244082;0.01;0.008616076
0.2535;0.008244108;0.01;0.008616072
0.25375;0.008244134;0.01;0.008616068
0.254;0.00824416;0.01;0.008616064
0.25425;0.008244186;0.01;0.008616059
0.2545;0.008244211;0.01;0.008616054
0.25475;0.008244236;0.01;0.008616049
0.255;0.008244261;0.01;0.008616043
0.25525;0.008244285;0.01;0.008616037
0.2555;0.00824431;0.01;0.008616031
0.25575;0.008244334;0.01;0.008616024
0.256;0.008244358;0.01;0.008616017
0.25625;0.008244381;0.01;0.00861601
0.2565;0.008244404;0.01;0.008616003
0.25675;0.008244427;0.01;0.008615995
0.257;0.00824445;0.01;0.008615987
0.25725;0.008244473;0.01;0.008615979
0.2575;0.008244495;0.01;0.00861597
0.25775;0.008244517;0.01;0.008615962
0.258;0.008244539;0.01;0.008615953
0.25825;0.008244561;0.01;0.008615944
0.2585;0.008244582;0.01;0.008615935
0.25875;0.008244603;0.01;0.008615925
0.259;0.008244624;0.01;0.008615916
0.25925;0.008244644;0.01;0.008615906
0.2595;0.008244664;0.01;0.008615896
0.25975;0.008244684;0.01;0.008615886
0.26;0.008244704;0.01;0.008615876
0.26025;0.008244724;0.01;0.008615866
0.2605;0.008244743;0.01;0.008615855
0.26075;0.008244762;0.01;0.008615845
0.261;0.008244781;0.01;0.008615834
0.26125;0.008244799;0.01;0.008615824
0.2615;0.008244817;0.01;0.008615813
0.26175;0.008244835;0.01;0.008615802
0.262;0.008244853;0.01;0.008615791
0.26225;0.008244871;0.01;0.00861578
0.2625;0.008244888;0.01;0.008615769
0.26275;0.008244905;0.01;0.008615758
0.263;0.008244922;0.01;0.008615747
0.26325;0.008244938;0.01;0.008615736
0.2635;0.008244954;0.01;0.008615725
0.26375;0.00824497;0.01;0.008615714
0.264;0.008244986;0.01;0.008615703
0.26425;0.008245002;0.01;0.008615691
0.2645;0.008245017;0.01;0.00861568
0.26475;0.008245032;0.01;0.008615669
0.265;0.008245047;0.01;0.008615658
0.26525;0.008245061;0.01;0.008615646
0.2655;0.008245076;0.01;0.008615635
0.26575;0.00824509;0.01;0.008615624
0.266;0.008245104;0.01;0.008615613
0.26625;0.008245118;0.01;0.008615602
0.2665;0.008245131;0.01;0.008615591
0.26675;0.008245144;0.01;0.00861558
0.267;0.008245157;0.01;0.008615569
0.26725;0.00824517;0.01;0.008615558
0.2675;0.008245183;0.01;0.008615547
0.26775;0.008245195;0.01;0.008615536
0.268;0.008245207;0.01;0.008615525
0.26825;0.008245219;0.01;0.008615514
0.2685;0.008245231;0.01;0.008615504
0.26875;0.008245242;0.01;0.008615493
0.269;0.008245254;0.01;0.008615482
0.26925;0.008245265;0.01;0.008615472
0.2695;0.008245276;0.01;0.008615462
0.26975;0.008245286;0.01;0.008615451
0.27;0.008245297;0.01;0.008615441
0.27025;0.008245307;0.01;0.008615431
0.2705;0.008245317;0.01;0.008615421
0.27075;0.008245327;0.01;0.008615411
0.271;0.008245337;0.01;0.008615401
0.27125;0.008245347;0.01;0.008615391
0.2715;0.008245356;0.01;0.008615381
0.27175;0.008245365;0.01;0.008615371
0.272;0.008245374;0.01;0.008615362
0.27225;0.008245383;0.01;0.008615352
0.2725;0.008245392;0.01;0.008615343
0.27275;0.0082454;0.01;0.008615333
0.273;0.008245408;0.01;0.008615324
0.27325;0.008245416;0.01;0.008615315
0.2735;0.008245424;0.01;0.008615306
0.27375;0.008245432;0.01;0.008615297
0.274;0.00824544;0.01;0.008615288
0.27425;0.008245447;0.01;0.00861528
0.2745;0.008245455;0.01;0.008615271
0.27475;0.008245462;0.01;0.008615263
0.275;0.008245469;0.01;0.008615254
0.27525;0.008245476;0.01;0.008615246
0.2755;0.008245482;0.01;0.008615238
0.27575;0.008245489;0.01;0.00861523
0.276;0.008245495;0.01;0.008615222
0.27625;0.008245501;0.01;0.008615214
0.2765;0.008245507;0.01;0.008615206
0.27675;0.008245513;0.01;0.008615199
0.277;0.008245519;0.01;0.008615191
0.27725;0.008245525;0.01;0.008615184
0.2775;0.00824553;0.01;0.008615176
0.27775;0.008245536;0.01;0.008615169
0.278;0.008245541;0.01;0.008615162
0.27825;0.008245546;0.01;0.008615155
0.2785;0.008245551;0.01;0.008615148
0.27875;0.008245556;0.01;0.008615142
0.279;0.008245561;0.01;0.008615135
0.27925;0.008245565;0.01;0.008615129
0.2795;0.00824557;0.01;0.008615122
0.27975;0.008245574;0.01;0.008615116
0.28;0.008245579;0.01;0.00861511
0.28025;0.008245583;0.01;0.008615104
0.2805;0.008245587;0.01;0.008615098
0.28075;0.008245591;0.01;0.008615092
0.281;0.008245595;0.01;0.008615086
0.28125;0.008245598;0.01;0.00861508
0.2815;0.008245602;0.01;0.008615075
0.28175;0.008245605;0.01;0.008615069
0.282;0.008245609;0.01;0.008615064
0.28225;0.008245612;0.01;0.008615059
0.2825;0.008245615;0.01;0.008615054
0.28275;0.008245618;0.01;0.008615049
0.283;0.008245621;0.01;0.008615044
0.28325;0.008245624;0.01;0.008615039
0.2835;0.008245627;0.01;0.008615034
0.28375;0.00824563;0.01;0.00861503
0.284;0.008245633;0.01;0.008615025
0.28425;0.008245635;0.01;0.008615021
0.2845;0.008245638;0.01;0.008615016
0.28475;0.00824564;0.01;0.008615012
0.285;0.008245642;0.01;0.008615008
0.28525;0.008245645;0.01;0.008615004
0.2855;0.008245647;0.01;0.008615
0.28575;0.008245649;0.01;0.008614996
0.286;0.008245651;0.01;0.008614992
0.28625;0.008245653;0.01;0.008614989
0.2865;0.008245655;0.01;0.008614985
0.28675;0.008245656;0.01;0.008614982
0.287;0.008245658;0.01;0.008614978
0.28725;0.00824566;0.01;0.008614975
0.2875;0.008245661;0.01;0.008614972
0.28775;0.008245663;0.01;0.008614968
0.288;0.008245664;0.01;0.008614965
0.28825;0.008245666;0.01;0.008614962
0.2885;0.008245667;0.01;0.00861496
0.28875;0.008245668;0.01;0.008614957
0.289;0.008245669;0.01;0.008614954
0.28925;0.00824567;0.01;0.008614951
0.2895;0.008245672;0.01;0.008614949
0.28975;0.008245673;0.01;0.008614946
0.29;0.008245674;0.01;0.008614944
0.29025;0.008245674;0.01;0.008614941
0.2905;0.008245675;0.01;0.008614939
0.29075;0.008245676;0.01;0.008614937
0.291;0.008245677;0.01;0.008614935
0.29125;0.008245678;0.01;0.008614933
0.2915;0.008245678;0.01;0.008614931
0.29175;0.008245679;0.01;0.008614929
0.292;0.00824568;0.01;0.008614927
0.29225;0.00824568;0.01;0.008614925
0.2925;0.008245681;0.01;0.008614923
0.29275;0.008245681;0.01;0.008614922
0.293;0.008245681;0.01;0.00861492
0.29325;0.008245682;0.01;0.008614918
0.2935;0.008245682;0.01;0.008614917
0.29375;0.008245682;0.01;0.008614915
0.294;0.008245683;0.01;0.008614914
0.29425;0.008245683;0.01;0.008614913
0.2945;0.008245683;0.01;0.008614912
0.29475;0.008245683;0.01;0.00861491
0.295;0.008245683;0.01;0.008614909
0.29525;0.008245684;0.01;0.008614908
0.2955;0.008245684;0.01;0.008614907
0.29575;0.008245684;0.01;0.008614906
0.296;0.008245684;0.01;0.008614905
0.29625;0.008245684;0.01;0.008614904
0.2965;0.008245684;0.01;0.008614903
0.29675;0.008245684;0.01;0.008614902
0.297;0.008245683;0.01;0.008614902
0.29725;0.008245683;0.01;0.008614901
0.2975;0.008245683;0.01;0.0086149
0.29775;0.008245683;0.01;0.0086149
0.298;0.008245683;0.01;0.008614899
0.29825;0.008245683;0.01;0.008614898
0.2985;0.008245682;0.01;0.008614898
0.29875;0.008245682;0.01;0.008614897
0.299;0.008245682;0.01;0.008614897
0.29925;0.008245681;0.01;0.008614897
0.2995;0.008245681;0.01;0.008614896
0.29975;0.008245681;0.01;0.008614896
0.3;0.00824568;0.01;0.008614896
0.30025;0.00824568;0.01;0.008614895
0.3005;0.00824568;0.01;0.008614895
0.30075;0.008245679;0.01;0.008614895
0.301;0.008245679;0.01;0.008614895
0.30125;0.008245678;0.01;0.008614895
0.3015;0.008245678;0.01;0.008614894
0.30175;0.008245678;0.01;0.008614894
0.302;0.008245677;0.01;0.008614894
0.30225;0.008245677;0.01;0.008614894
0.3025;0.008245676;0.01;0.008614894
0.30275;0.008245676;0.01;0.008614894
0.303;0.008245675;0.01;0.008614894
0.30325;0.008245675;0.01;0.008614894
0.3035;0.008245674;0.01;0.008614895
0.30375;0.008245673;0.01;0.008614895
0.304;0.008245673;0.01;0.008614895
0.30425;0.008245672;0.01;0.008614895
0.3045;0.008245672;0.01;0.008614895
0.30475;0.008245671;0.01;0.008614895
0.305;0.008245671;0.01;0.008614896
0.30525;0.00824567;0.01;0.008614896
0.3055;0.008245669;0.01;0.008614896
0.30575;0.008245669;0.01;0.008614896
0.306;0.008245668;0.01;0.008614897
0.30625;0.008245668;0.01;0.008614897
0.3065;0.008245667;0.01;0.008614897
0.30675;0.008245666;0.01;0.008614898
0.307;0.008245666;0.01;0.008614898
0.30725;0.008245665;0.01;0.008614898
0.3075;0.008245664;0.01;0.008614899
0.30775;0.008245664;0.01;0.008614899
0.308;0.008245663;0.01;0.008614899
0.30825;0.008245663;0.01;0.0086149
0.3085;0.008245662;0.01;0.0086149
0.30875;0.008245661;0.01;0.008614901
0.309;0.008245661;0.01;0.008614901
0.30925;0.00824566;0.01;0.008614902
0.3095;0.008245659;0.01;0.008614902
0.30975;0.008245659;0.01;0.008614903
0.31;0.008245658;0.01;0.008614903
0.31025;0.008245657;0.01;0.008614903
0.3105;0.008245657;0.01;0.008614904
0.31075;0.008245656;0.01;0.008614904
0.311;0.008245655;0.01;0.008614905
0.31125;0.008245655;0.01;0.008614905
0.3115;0.008245654;0.01;0.008614906
0.31175;0.008245653;0.01;0.008614907
0.312;0.008245653;0.01;0.008614907
0.31225;0.008245652;0.01;0.008614908
0.3125;0.008245651;0.01;0.008614908
0.31275;0.008245651;0.01;0.008614909
0.313;0.00824565;0.01;0.008614909
0.31325;0.00824565;0.01;0.00861491
0.3135;0.008245649;0.01;0.00861491
0.31375;0.008245648;0.01;0.008614911
0.314;0.008245648;0.01;0.008614911
0.31425;0.008245647;0.01;0.008614912
0.3145;0.008245646;0.01;0.008614912
0.31475;0.008245646;0.01;0.008614913
0.315;0.008245645;0.01;0.008614914
0.31525;0.008245645;0.01;0.008614914
0.3155;0.008245644;0.01;0.008614915
0.31575;0.008245643;0.01;0.008614915
0.316;0.008245643;0.01;0.008614916
0.31625;0.008245642;0.01;0.008614916
0.3165;0.008245642;0.01;0.008614917
0.31675;0.008245641;0.01;0.008614917
0.317;0.00824564;0.01;0.008614918
0.31725;0.00824564;0.01;0.008614919
0.3175;0.008245639;0.01;0.008614919
0.31775;0.008245639;0.01;0.00861492
0.318;0.008245638;0.01;0.00861492
0.31825;0.008245638;0.01;0.008614921
0.3185;0.008245637;0.01;0.008614921
0.31875;0.008245636;0.01;0.008614922
0.319;0.008245636;0.01;0.008614922
0.31925;0.008245635;0.01;0.008614923
0.3195;0.008245635;0.01;0.008614923
0.31975;0.008245634;0.01;0.008614924
0.32;0.008245634;0.01;0.008614924
0.32025;0.008245633;0.01;0.008614925
0.3205;0.008245633;0.01;0.008614926
0.32075;0.008245632;0.01;0.008614926
0.321;0.008245632;0.01;0.008614927
0.32125;0.008245631;0.01;0.008614927
0.3215;0.008245631;0.01;0.008614928
0.32175;0.00824563;0.01;0.008614928
0.322;0.00824563;0.01;0.008614929
0.32225;0.008245629;0.01;0.008614929
0.3225;0.008245629;0.01;0.00861493
0.32275;0.008245628;0.01;0.00861493
0.323;0.008245628;0.01;0.00861493
0.32325;0.008245627;0.01;0.008614931
0.3235;0.008245627;0.01;0.008614931
0.32375;0.008245626;0.01;0.008614932
0.324;0.008245626;0.01;0.008614932
0.32425;0.008245625;0.01;0.008614933
0.3245;0.008245625;0.01;0.008614933
0.32475;0.008245625;0.01;0.008614934
0.325;0.008245624;0.01;0.008614934
0.32525;0.008245624;0.01;0.008614935
0.3255;0.008245623;0.01;0.008614935
0.32575;0.008245623;0.01;0.008614935
0.326;0.008245623;0.01;0.008614936
0.32625;0.008245622;0.01;0.008614936
0.3265;0.008245622;0.01;0.008614937
0.32675;0.008245621;0.01;0.008614937
0.327;0.008245621;0.01;0.008614937
0.32725;0.008245621;0.01;0.008614938
0.3275;0.00824562;0.01;0.008614938
0.32775;0.00824562;0.01;0.008614939
0.328;0.008245619;0.01;0.008614939
0.32825;0.008245619;0.01;0.008614939
0.3285;0.008245619;0.01;0.00861494
0.32875;0.008245618;0.01;0.00861494
0.329;0.008245618;0.01;0.00861494
0.32925;0.008245618;0.01;0.008614941
0.3295;0.008245617;0.01;0.008614941
0.32975;0.008245617;0.01;0.008614941
0.33;0.008245617;0.01;0.008614942
0.33025;0.008245616;0.01;0.008614942
0.3305;0.008245616;0.01;0.008614942
0.33075;0.008245616;0.01;0.008614943
0.331;0.008245615;0.01;0.008614943
0.33125;0.008245615;0.01;0.008614943
0.3315;0.008245615;0.01;0.008614943
0.33175;0.008245615;0.01;0.008614944
0.332;0.008245614;0.01;0.008614944
0.33225;0.008245614;0.01;0.008614944
0.3325;0.008245614;0.01;0.008614945
0.33275;0.008245613;0.01;0.008614945
0.333;0.008245613;0.01;0.008614945
0.33325;0.008245613;0.01;0.008614945
0.3335;0.008245613;0.01;0.008614946
0.33375;0.008245612;0.01;0.008614946
0.334;0.008245612;0.01;0.008614946
0.33425;0.008245612;0.01;0.008614946
0.3345;0.008245612;0.01;0.008614947
0.33475;0.008245611;0.01;0.008614947
0.335;0.008245611;0.01;0.008614947
0.33525;0.008245611;0.01;0.008614947
0.3355;0.008245611;0.01;0.008614948
0.33575;0.008245611;0.01;0.008614948
0.336;0.00824561;0.01;0.008614948
0.33625;0.00824561;0.01;0.008614948
0.3365;0.00824561;0.01;0.008614948
0.33675;0.00824561;0.01;0.008614948
0.337;0.00824561;0.01;0.008614949
0.33725;0.008245609;0.01;0.008614949
0.3375;0.008245609;0.01;0.008614949
0.33775;0.008245609;0.01;0.008614949
0.338;0.008245609;0.01;0.008614949
0.33825;0.008245609;0.01;0.00861495
0.3385;0.008245608;0.01;0.00861495
0.33875;0.008245608;0.01;0.00861495
0.339;0.008245608;0.01;0.00861495
0.33925;0.008245608;0.01;0.00861495
0.3395;0.008245608;0.01;0.00861495
0.33975;0.008245608;0.01;0.00861495
0.34;0.008245607;0.01;0.008614951
0.34025;0.008245607;0.01;0.008614951
0.3405;0.008245607;0.01;0.008614951
0.34075;0.008245607;0.01;0.008614951
0.341;0.008245607;0.01;0.008614951
0.34125;0.008245607;0.01;0.008614951
0.3415;0.008245607;0.01;0.008614951
0.34175;0.008245606;0.01;0.008614951
0.342;0.008245606;0.01;0.008614952
0.34225;0.008245606;0.01;0.008614952
0.3425;0.008245606;0.01;0.008614952
0.34275;0.008245606;0.01;0.008614952
0.343;0.008245606;0.01;0.008614952
0.34325;0.008245606;0.01;0.008614952
0.3435;0.008245606;0.01;0.008614952
0.34375;0.008245605;0.01;0.008614952
0.344;0.008245605;0.01;0.008614952
0.34425;0.008245605;0.01;0.008614952
0.3445;0.008245605;0.01;0.008614952
0.34475;0.008245605;0.01;0.008614952
0.345;0.008245605;0.01;0.008614953
0.34525;0.008245605;0.01;0.008614953
0.3455;0.008245605;0.01;0.008614953
0.34575;0.008245605;0.01;0.008614953
0.346;0.008245605;0.01;0.008614953
0.34625;0.008245605;0.01;0.008614953
0.3465;0.008245604;0.01;0.008614953
0.34675;0.008245604;0.01;0.008614953
0.347;0.008245604;0.01;0.008614953
0.34725;0.008245604;0.01;0.008614953
0.3475;0.008245604;0.01;0.008614953
0.34775;0.008245604;0.01;0.008614953
0.348;0.008245604;0.01;0.008614953
0.34825;0.008245604;0.01;0.008614953
0.3485;0.008245604;0.01;0.008614953
0.34875;0.008245604;0.01;0.008614953
0.349;0.008245604;0.01;0.008614953
0.34925;0.008245604;0.01;0.008614953
0.3495;0.008245604;0.01;0.008614953
0.34975;0.008245604;0.01;0.008614953
0.35;0.008245604;0.01;0.008614953
0.35025;0.008245603;0.01;0.008614953
0.3505;0.008245603;0.01;0.008614953
0.35075;0.008245603;0.01;0.008614953
0.351;0.008245603;0.01;0.008614953
0.35125;0.008245603;0.01;0.008614953
0.3515;0.008245603;0.01;0.008614953
0.35175;0.008245603;0.01;0.008614953
0.352;0.008245603;0.01;0.008614953
0.35225;0.008245603;0.01;0.008614953
0.3525;0.008245603;0.01;0.008614953
0.35275;0.008245603;0.01;0.008614953
0.353;0.008245603;0.01;0.008614953
0.35325;0.008245603;0.01;0.008614953
0.3535;0.008245603;0.01;0.008614953
0.35375;0.008245603;0.01;0.008614953
0.354;0.008245603;0.01;0.008614953
0.35425;0.008245603;0.01;0.008614953
0.3545;0.008245603;0.01;0.008614953
0.35475;0.008245603;0.01;0.008614953
0.355;0.008245603;0.01;0.008614953
0.35525;0.008245603;0.01;0.008614953
0.3555;0.008245603;0.01;0.008614953
0.35575;0.008245603;0.01;0.008614953
0.356;0.008245603;0.01;0.008614953
0.35625;0.008245603;0.01;0.008614953
0.3565;0.008245603;0.01;0.008614953
0.35675;0.008245603;0.01;0.008614953
0.357;0.008245603;0.01;0.008614953
0.35725;0.008245603;0.01;0.008614953
0.3575;0.008245603;0.01;0.008614953
0.35775;0.008245603;0.01;0.008614953
0.358;0.008245603;0.01;0.008614953
0.35825;0.008245603;0.01;0.008614953
0.3585;0.008245603;0.01;0.008614953
0.35875;0.008245603;0.01;0.008614953
0.359;0.008245603;0.01;0.008614953
0.35925;0.008245603;0.01;0.008614953
0.3595;0.008245603;0.01;0.008614953
0.35975;0.008245603;0.01;0.008614953
0.36;0.008245603;0.01;0.008614953
0.36025;0.008245603;0.01;0.008614953
0.3605;0.008245603;0.01;0.008614953
0.36075;0.008245603;0.01;0.008614953
0.361;0.008245603;0.01;0.008614953
0.36125;0.008245603;0.01;0.008614953
0.3615;0.008245603;0.01;0.008614953
0.36175;0.008245603;0.01;0.008614953
0.362;0.008245603;0.01;0.008614953
0.36225;0.008245603;0.01;0.008614953
0.3625;0.008245603;0.01;0.008614953
0.36275;0.008245603;0.01;0.008614953
0.363;0.008245603;0.01;0.008614953
0.36325;0.008245603;0.01;0.008614953
0.3635;0.008245603;0.01;0.008614953
0.36375;0.008245603;0.01;0.008614953
0.364;0.008245603;0.01;0.008614953
0.36425;0.008245603;0.01;0.008614953
0.3645;0.008245603;0.01;0.008614953
0.36475;0.008245603;0.01;0.008614953
0.365;0.008245603;0.01;0.008614953
0.36525;0.008245603;0.01;0.008614953
0.3655;0.008245603;0.01;0.008614953
0.36575;0.008245603;0.01;0.008614953
0.366;0.008245603;0.01;0.008614953
0.36625;0.008245603;0.01;0.008614952
0.3665;0.008245603;0.01;0.008614952
0.36675;0.008245603;0.01;0.008614952
0.367;0.008245603;0.01;0.008614952
0.36725;0.008245603;0.01;0.008614952
0.3675;0.008245603;0.01;0.008614952
0.36775;0.008245603;0.01;0.008614952
0.368;0.008245603;0.01;0.008614952
0.36825;0.008245603;0.01;0.008614952
0.3685;0.008245603;0.01;0.008614952
0.36875;0.008245603;0.01;0.008614952
0.369;0.008245603;0.01;0.008614952
0.36925;0.008245603;0.01;0.008614952
0.3695;0.008245603;0.01;0.008614952
0.36975;0.008245603;0.01;0.008614952
0.37;0.008245603;0.01;0.008614952
0.37025;0.008245603;0.01;0.008614952
0.3705;0.008245603;0.01;0.008614952
0.37075;0.008245603;0.01;0.008614952
0.371;0.008245603;0.01;0.008614952
0.37125;0.008245603;0.01;0.008614952
0.3715;0.008245603;0.01;0.008614952
0.37175;0.008245603;0.01;0.008614952
0.372;0.008245603;0.01;0.008614952
0.37225;0.008245603;0.01;0.008614952
0.3725;0.008245603;0.01;0.008614952
0.37275;0.008245603;0.01;0.008614952
0.373;0.008245603;0.01;0.008614952
0.37325;0.008245603;0.01;0.008614952
0.3735;0.008245603;0.01;0.008614952
0.37375;0.008245603;0.01;0.008614952
0.374;0.008245603;0.01;0.008614952
0.37425;0.008245603;0.01;0.008614952
0.3745;0.008245603;0.01;0.008614952
0.37475;0.008245603;0.01;0.008614952
0.375;0.008245603;0.01;0.008614952
0.37525;0.008245603;0.01;0.008614952
0.3755;0.008245603;0.01;0.008614952
0.37575;0.008245603;0.01;0.008614952
0.376;0.008245603;0.01;0.008614951
0.37625;0.008245603;0.01;0.008614951
0.3765;0.008245603;0.01;0.008614951
0.37675;0.008245603;0.01;0.008614951
0.377;0.008245603;0.01;0.008614951
0.37725;0.008245603;0.01;0.008614951
0.3775;0.008245603;0.01;0.008614951
0.37775;0.008245603;0.01;0.008614951
0.378;0.008245603;0.01;0.008614951
0.37825;0.008245603;0.01;0.008614951
0.3785;0.008245603;0.01;0.008614951
0.37875;0.008245603;0.01;0.008614951
0.379;0.008245603;0.01;0.008614951
0.37925;0.008245603;0.01;0.008614951
0.3795;0.008245603;0.01;0.008614951
0.37975;0.008245603;0.01;0.008614951
0.38;0.008245603;0.01;0.008614951
0.38025;0.008245603;0.01;0.008614951
0.3805;0.008245603;0.01;0.008614951
0.38075;0.008245603;0.01;0.008614951
0.381;0.008245603;0.01;0.008614951
0.38125;0.008245603;0.01;0.008614951
0.3815;0.008245603;0.01;0.008614951
0.38175;0.008245603;0.01;0.008614951
0.382;0.008245603;0.01;0.008614951
0.38225;0.008245603;0.01;0.008614951
0.3825;0.008245603;0.01;0.008614951
0.38275;0.008245603;0.01;0.008614951
0.383;0.008245603;0.01;0.008614951
0.38325;0.008245603;0.01;0.008614951
0.3835;0.008245603;0.01;0.008614951
0.38375;0.008245603;0.01;0.008614951
0.384;0.008245604;0.01;0.008614951
0.38425;0.008245604;0.01;0.008614951
0.3845;0.008245604;0.01;0.008614951
0.38475;0.008245604;0.01;0.008614951
0.385;0.008245604;0.01;0.008614951
0.38525;0.008245604;0.01;0.008614951
0.3855;0.008245604;0.01;0.008614951
0.38575;0.008245604;0.01;0.008614951
0.386;0.008245604;0.01;0.008614951
0.38625;0.008245604;0.01;0.008614951
0.3865;0.008245604;0.01;0.008614951
0.38675;0.008245604;0.01;0.008614951
0.387;0.008245604;0.01;0.008614951
0.38725;0.008245604;0.01;0.008614951
0.3875;0.008245604;0.01;0.008614951
0.38775;0.008245604;0.01;0.008614951
0.388;0.008245604;0.01;0.008614951
0.38825;0.008245604;0.01;0.008614951
0.3885;0.008245604;0.01;0.008614951
0.38875;0.008245604;0.01;0.008614951
0.389;0.008245604;0.01;0.008614951
0.38925;0.008245604;0.01;0.008614951
0.3895;0.008245604;0.01;0.008614951
0.38975;0.008245604;0.01;0.008614951
0.39;0.008245604;0.01;0.008614951
0.39025;0.008245604;0.01;0.008614951
0.3905;0.008245604;0.01;0.008614951
0.39075;0.008245604;0.01;0.008614951
0.391;0.008245604;0.01;0.008614951
0.39125;0.008245604;0.01;0.008614951
0.3915;0.008245604;0.01;0.008614951
0.39175;0.008245604;0.01;0.008614951
0.392;0.008245604;0.01;0.008614951
0.39225;0.008245604;0.01;0.008614951
0.3925;0.008245604;0.01;0.008614951
0.39275;0.008245604;0.01;0.008614951
0.393;0.008245604;0.01;0.008614951
0.39325;0.008245604;0.01;0.008614951
0.3935;0.008245604;0.01;0.008614951
0.39375;0.008245604;0.01;0.008614951
0.394;0.008245604;0.01;0.008614951
0.39425;0.008245604;0.01;0.008614951
0.3945;0.008245604;0.01;0.008614951
0.39475;0.008245604;0.01;0.008614951
0.395;0.008245604;0.01;0.008614951
0.39525;0.008245604;0.01;0.008614951
0.3955;0.008245604;0.01;0.008614951
0.39575;0.008245604;0.01;0.008614951
0.396;0.008245604;0.01;0.008614951
0.39625;0.008245604;0.01;0.008614951
0.3965;0.008245604;0.01;0.008614951
0.39675;0.008245604;0.01;0.008614951
0.397;0.008245604;0.01;0.008614951
0.39725;0.008245604;0.01;0.008614951
0.3975;0.008245604;0.01;0.008614951
0.39775;0.008245604;0.01;0.008614951
0.398;0.008245604;0.01;0.008614951
0.39825;0.008245604;0.01;0.008614951
0.3985;0.008245604;0.01;0.008614951
0.39875;0.008245604;0.01;0.008614951
0.399;0.008245604;0.01;0.008614951
0.39925;0.008245604;0.01;0.008614951
0.3995;0.008245604;0.01;0.008614951
0.39975;0.008245604;0.01;0.008614951
0.4;0.008245604;0.01;0.008614951
0.40025;0.008245604;0.01;0.008614951
0.4005;0.008245604;0.01;0.008614951
0.40075;0.008245604;0.01;0.008614951
0.401;0.008245604;0.01;0.008614951
0.40125;0.008245604;0.01;0.008614951
0.4015;0.008245604;0.01;0.008614951
0.40175;0.008245604;0.01;0.008614951
0.402;0.008245604;0.01;0.008614951
0.40225;0.008245604;0.01;0.008614951
0.4025;0.008245604;0.01;0.008614951
0.40275;0.008245604;0.01;0.008614951
0.403;0.008245604;0.01;0.008614951
0.40325;0.008245604;0.01;0.008614951
0.4035;0.008245604;0.01;0.008614951
0.40375;0.008245604;0.01;0.008614951
0.404;0.008245604;0.01;0.008614951
0.40425;0.008245604;0.01;0.008614951
0.4045;0.008245604;0.01;0.008614951
0.40475;0.008245604;0.01;0.008614951
0.405;0.008245604;0.01;0.008614951
0.40525;0.008245604;0.01;0.008614951
0.4055;0.008245604;0.01;0.008614951
0.40575;0.008245604;0.01;0.008614951
0.406;0.008245604;0.01;0.008614951
0.40625;0.008245604;0.01;0.008614951
0.4065;0.008245604;0.01;0.008614951
0.40675;0.008245604;0.01;0.008614951
0.407;0.008245604;0.01;0.008614951
0.40725;0.008245604;0.01;0.008614951
0.4075;0.008245604;0.01;0.008614951
0.40775;0.008245604;0.01;0.008614951
0.408;0.008245604;0.01;0.008614951
0.40825;0.008245604;0.01;0.008614951
0.4085;0.008245604;0.01;0.008614951
0.40875;0.008245604;0.01;0.008614951
0.409;0.008245604;0.01;0.008614951
0.40925;0.008245604;0.01;0.008614951
0.4095;0.008245604;0.01;0.008614951
0.40975;0.008245604;0.01;0.008614951
0.41;0.008245604;0.01;0.008614951
0.41025;0.008245604;0.01;0.008614951
0.4105;0.008245604;0.01;0.008614951
0.41075;0.008245604;0.01;0.008614951
0.411;0.008245604;0.01;0.008614951
0.41125;0.008245604;0.01;0.008614951
0.4115;0.008245604;0.01;0.008614951
0.41175;0.008245604;0.01;0.008614951
0.412;0.008245604;0.01;0.008614951
0.41225;0.008245604;0.01;0.008614951
0.4125;0.008245604;0.01;0.008614951
0.41275;0.008245604;0.01;0.008614951
0.413;0.008245604;0.01;0.008614951
0.41325;0.008245604;0.01;0.008614951
0.4135;0.008245604;0.01;0.008614951
0.41375;0.008245604;0.01;0.008614951
0.414;0.008245604;0.01;0.008614951
0.41425;0.008245604;0.01;0.008614951
0.4145;0.008245604;0.01;0.008614951
0.41475;0.008245604;0.01;0.008614951
0.415;0.008245604;0.01;0.008614951
0.41525;0.008245604;0.01;0.008614951
0.4155;0.008245604;0.01;0.008614951
0.41575;0.008245604;0.01;0.008614951
0.416;0.008245604;0.01;0.008614951
0.41625;0.008245604;0.01;0.008614951
0.4165;0.008245604;0.01;0.008614951
0.41675;0.008245604;0.01;0.008614951
0.417;0.008245604;0.01;0.008614951
0.41725;0.008245604;0.01;0.008614951
0.4175;0.008245604;0.01;0.008614951
0.41775;0.008245604;0.01;0.008614951
0.418;0.008245604;0.01;0.008614951
0.41825;0.008245604;0.01;0.008614951
0.4185;0.008245604;0.01;0.008614951
0.41875;0.008245604;0.01;0.008614951
0.419;0.008245604;0.01;0.008614951
0.41925;0.008245604;0.01;0.008614951
0.4195;0.008245604;0.01;0.008614951
0.41975;0.008245604;0.01;0.008614951
0.42;0.008245604;0.01;0.008614951
0.42025;0.008245604;0.01;0.008614951
0.4205;0.008245604;0.01;0.008614951
0.42075;0.008245604;0.01;0.008614951
0.421;0.008245604;0.01;0.008614951
0.42125;0.008245604;0.01;0.008614951
0.4215;0.008245604;0.01;0.008614951
0.42175;0.008245604;0.01;0.008614951
0.422;0.008245604;0.01;0.008614951
0.42225;0.008245604;0.01;0.008614951
0.4225;0.008245604;0.01;0.008614951
0.42275;0.008245604;0.01;0.008614951
0.423;0.008245604;0.01;0.008614951
0.42325;0.008245604;0.01;0.008614951
0.4235;0.008245604;0.01;0.008614951
0.42375;0.008245604;0.01;0.008614951
0.424;0.008245604;0.01;0.008614951
0.42425;0.008245604;0.01;0.008614951
0.4245;0.008245604;0.01;0.008614951
0.42475;0.008245604;0.01;0.008614951
0.425;0.008245604;0.01;0.008614951
0.42525;0.008245604;0.01;0.008614951
0.4255;0.008245604;0.01;0.008614951
0.42575;0.008245604;0.01;0.008614951
0.426;0.008245604;0.01;0.008614951
0.42625;0.008245604;0.01;0.008614951
0.4265;0.008245604;0.01;0.008614951
0.42675;0.008245604;0.01;0.008614951
0.427;0.008245604;0.01;0.008614951
0.42725;0.008245604;0.01;0.008614951
0.4275;0.008245604;0.01;0.008614951
0.42775;0.008245604;0.01;0.008614951
0.428;0.008245604;0.01;0.008614951
0.42825;0.008245604;0.01;0.008614951
0.4285;0.008245604;0.01;0.008614951
0.42875;0.008245604;0.01;0.008614951
0.429;0.008245604;0.01;0.008614951
0.42925;0.008245604;0.01;0.008614951
0.4295;0.008245604;0.01;0.008614951
0.42975;0.008245604;0.01;0.008614951
0.43;0.008245604;0.01;0.008614951
0.43025;0.008245604;0.01;0.008614951
0.4305;0.008245604;0.01;0.008614951
0.43075;0.008245604;0.01;0.008614951
0.431;0.008245604;0.01;0.008614951
0.43125;0.008245604;0.01;0.008614951
0.4315;0.008245604;0.01;0.008614951
0.43175;0.008245604;0.01;0.008614951
0.432;0.008245604;0.01;0.008614951
0.43225;0.008245604;0.01;0.008614951
0.4325;0.008245604;0.01;0.008614951
0.43275;0.008245604;0.01;0.008614951
0.433;0.008245604;0.01;0.008614951
0.43325;0.008245604;0.01;0.008614951
0.4335;0.008245604;0.01;0.008614951
0.43375;0.008245604;0.01;0.008614951
0.434;0.008245604;0.01;0.008614951
0.43425;0.008245604;0.01;0.008614951
0.4345;0.008245604;0.01;0.008614951
0.43475;0.008245604;0.01;0.008614951
0.435;0.008245604;0.01;0.008614951
0.43525;0.008245604;0.01;0.008614951
0.4355;0.008245604;0.01;0.008614951
0.43575;0.008245604;0.01;0.008614951
0.436;0.008245604;0.01;0.008614951
0.43625;0.008245604;0.01;0.008614951
0.4365;0.008245604;0.01;0.008614951
0.43675;0.008245604;0.01;0.008614951
0.437;0.008245604;0.01;0.008614951
0.43725;0.008245604;0.01;0.008614951
0.4375;0.008245604;0.01;0.008614951
0.43775;0.008245604;0.01;0.008614951
0.438;0.008245604;0.01;0.008614951
0.43825;0.008245604;0.01;0.008614951
0.4385;0.008245604;0.01;0.008614951
0.43875;0.008245604;0.01;0.008614951
0.439;0.008245604;0.01;0.008614951
0.43925;0.008245604;0.01;0.008614951
0.4395;0.008245604;0.01;0.008614951
0.43975;0.008245604;0.01;0.008614951
0.44;0.008245604;0.01;0.008614951
0.44025;0.008245604;0.01;0.008614951
0.4405;0.008245604;0.01;0.008614951
0.44075;0.008245604;0.01;0.008614951
0.441;0.008245604;0.01;0.008614951
0.44125;0.008245604;0.01;0.008614951
0.4415;0.008245604;0.01;0.008614951
0.44175;0.008245604;0.01;0.008614951
0.442;0.008245604;0.01;0.008614951
0.44225;0.008245604;0.01;0.008614951
0.4425;0.008245604;0.01;0.008614951
0.44275;0.008245604;0.01;0.008614951
0.443;0.008245604;0.01;0.008614951
0.44325;0.008245604;0.01;0.008614951
0.4435;0.008245604;0.01;0.008614951
0.44375;0.008245604;0.01;0.008614951
0.444;0.008245604;0.01;0.008614951
0.44425;0.008245604;0.01;0.008614951
0.4445;0.008245604;0.01;0.008614951
0.44475;0.008245604;0.01;0.008614951
0.445;0.008245604;0.01;0.008614951
0.44525;0.008245604;0.01;0.008614951
0.4455;0.008245604;0.01;0.008614951
0.44575;0.008245604;0.01;0.008614951
0.446;0.008245604;0.01;0.008614951
0.44625;0.008245604;0.01;0.008614951
0.4465;0.008245604;0.01;0.008614951
0.44675;0.008245604;0.01;0.008614951
0.447;0.008245604;0.01;0.008614951
0.44725;0.008245604;0.01;0.008614951
0.4475;0.008245604;0.01;0.008614951
0.44775;0.008245604;0.01;0.008614951
0.448;0.008245604;0.01;0.008614951
0.44825;0.008245604;0.01;0.008614951
0.4485;0.008245604;0.01;0.008614951
0.44875;0.008245604;0.01;0.008614951
0.449;0.008245604;0.01;0.008614951
0.44925;0.008245604;0.01;0.008614951
0.4495;0.008245604;0.01;0.008614951
0.44975;0.008245604;0.01;0.008614951
0.45;0.008245604;0.01;0.008614951
0.45025;0.008245604;0.01;0.008614951
0.4505;0.008245604;0.01;0.008614951
0.45075;0.008245604;0.01;0.008614951
0.451;0.008245604;0.01;0.008614951
0.45125;0.008245604;0.01;0.008614951
0.4515;0.008245604;0.01;0.008614951
0.45175;0.008245604;0.01;0.008614951
0.452;0.008245604;0.01;0.008614951
0.45225;0.008245604;0.01;0.008614951
0.4525;0.008245604;0.01;0.008614951
0.45275;0.008245604;0.01;0.008614951
0.453;0.008245604;0.01;0.008614951
0.45325;0.008245604;0.01;0.008614951
0.4535;0.008245604;0.01;0.008614951
0.45375;0.008245604;0.01;0.008614951
0.454;0.008245604;0.01;0.008614951
0.45425;0.008245604;0.01;0.008614951
0.4545;0.008245604;0.01;0.008614951
0.45475;0.008245604;0.01;0.008614951
0.455;0.008245604;0.01;0.008614951
0.45525;0.008245604;0.01;0.008614951
0.4555;0.008245604;0.01;0.008614951
0.45575;0.008245604;0.01;0.008614951
0.456;0.008245604;0.01;0.008614951
0.45625;0.008245604;0.01;0.008614951
0.4565;0.008245604;0.01;0.008614951
0.45675;0.008245604;0.01;0.008614951
0.457;0.008245604;0.01;0.008614951
0.45725;0.008245604;0.01;0.008614951
0.4575;0.008245604;0.01;0.008614951
0.45775;0.008245604;0.01;0.008614951
0.458;0.008245604;0.01;0.008614951
0.45825;0.008245604;0.01;0.008614951
0.4585;0.008245604;0.01;0.008614951
0.45875;0.008245604;0.01;0.008614951
0.459;0.008245604;0.01;0.008614951
0.45925;0.008245604;0.01;0.008614951
0.4595;0.008245604;0.01;0.008614951
0.45975;0.008245604;0.01;0.008614951
0.46;0.008245604;0.01;0.008614951
0.46025;0.008245604;0.01;0.008614951
0.4605;0.008245604;0.01;0.008614951
0.46075;0.008245604;0.01;0.008614951
0.461;0.008245604;0.01;0.008614951
0.46125;0.008245604;0.01;0.008614951
0.4615;0.008245604;0.01;0.008614951
0.46175;0.008245604;0.01;0.008614951
0.462;0.008245604;0.01;0.008614951
0.46225;0.008245604;0.01;0.008614951
0.4625;0.008245604;0.01;0.008614951
0.46275;0.008245604;0.01;0.008614951
0.463;0.008245604;0.01;0.008614951
0.46325;0.008245604;0.01;0.008614951
0.4635;0.008245604;0.01;0.008614951
0.46375;0.008245604;0.01;0.008614951
0.464;0.008245604;0.01;0.008614951
0.46425;0.008245604;0.01;0.008614951
0.4645;0.008245604;0.01;0.008614951
0.46475;0.008245604;0.01;0.008614951
0.465;0.008245604;0.01;0.008614951
0.46525;0.008245604;0.01;0.008614951
0.4655;0.008245604;0.01;0.008614951
0.46575;0.008245604;0.01;0.008614951
0.466;0.008245604;0.01;0.008614951
0.46625;0.008245604;0.01;0.008614951
0.4665;0.008245604;0.01;0.008614951
0.46675;0.008245604;0.01;0.008614951
0.467;0.008245604;0.01;0.008614951
0.46725;0.008245604;0.01;0.008614951
0.4675;0.008245604;0.01;0.008614951
0.46775;0.008245604;0.01;0.008614951
0.468;0.008245604;0.01;0.008614951
0.46825;0.008245604;0.01;0.008614951
0.4685;0.008245604;0.01;0.008614951
0.46875;0.008245604;0.01;0.008614951
0.469;0.008245604;0.01;0.008614951
0.46925;0.008245604;0.01;0.008614951
0.4695;0.008245604;0.01;0.008614951
0.46975;0.008245604;0.01;0.008614951
0.47;0.008245604;0.01;0.008614951
0.47025;0.008245604;0.01;0.008614951
0.4705;0.008245604;0.01;0.008614951
0.47075;0.008245604;0.01;0.008614951
0.471;0.008245604;0.01;0.008614951
0.47125;0.008245604;0.01;0.008614951
0.4715;0.008245604;0.01;0.008614951
0.47175;0.008245604;0.01;0.008614951
0.472;0.008245604;0.01;0.008614951
0.47225;0.008245604;0.01;0.008614951
0.4725;0.008245604;0.01;0.008614951
0.47275;0.008245604;0.01;0.008614951
0.473;0.008245604;0.01;0.008614951
0.47325;0.008245604;0.01;0.008614951
0.4735;0.008245604;0.01;0.008614951
0.47375;0.008245604;0.01;0.008614951
0.474;0.008245604;0.01;0.008614951
0.47425;0.008245604;0.01;0.008614951
0.4745;0.008245604;0.01;0.008614951
0.47475;0.008245604;0.01;0.008614951
0.475;0.008245604;0.01;0.008614951
0.47525;0.008245604;0.01;0.008614951
0.4755;0.008245604;0.01;0.008614951
0.47575;0.008245604;0.01;0.008614951
0.476;0.008245604;0.01;0.008614951
0.47625;0.008245604;0.01;0.008614951
0.4765;0.008245604;0.01;0.008614951
0.47675;0.008245604;0.01;0.008614951
0.477;0.008245604;0.01;0.008614951
0.47725;0.008245604;0.01;0.008614951
0.4775;0.008245604;0.01;0.008614951
0.47775;0.008245604;0.01;0.008614951
0.478;0.008245604;0.01;0.008614951
0.47825;0.008245604;0.01;0.008614951
0.4785;0.008245604;0.01;0.008614951
0.47875;0.008245604;0.01;0.008614951
0.479;0.008245604;0.01;0.008614951
0.47925;0.008245604;0.01;0.008614951
0.4795;0.008245604;0.01;0.008614951
0.47975;0.008245604;0.01;0.008614951
0.48;0.008245604;0.01;0.008614951
0.48025;0.008245604;0.01;0.008614951
0.4805;0.008245604;0.01;0.008614951
0.48075;0.008245604;0.01;0.008614951
0.481;0.008245604;0.01;0.008614951
0.48125;0.008245604;0.01;0.008614951
0.4815;0.008245604;0.01;0.008614951
0.48175;0.008245604;0.01;0.008614951
0.482;0.008245604;0.01;0.008614951
0.48225;0.008245604;0.01;0.008614951
0.4825;0.008245604;0.01;0.008614951
0.48275;0.008245604;0.01;0.008614951
0.483;0.008245604;0.01;0.008614951
0.48325;0.008245604;0.01;0.008614951
0.4835;0.008245604;0.01;0.008614951
0.48375;0.008245604;0.01;0.008614951
0.484;0.008245604;0.01;0.008614951
0.48425;0.008245604;0.01;0.008614951
0.4845;0.008245604;0.01;0.008614951
0.48475;0.008245604;0.01;0.008614951
0.485;0.008245604;0.01;0.008614951
0.48525;0.008245604;0.01;0.008614951
0.4855;0.008245604;0.01;0.008614951
0.48575;0.008245604;0.01;0.008614951
0.486;0.008245604;0.01;0.008614951
0.48625;0.008245604;0.01;0.008614951
0.4865;0.008245604;0.01;0.008614951
0.48675;0.008245604;0.01;0.008614951
0.487;0.008245604;0.01;0.008614951
0.48725;0.008245604;0.01;0.008614951
0.4875;0.008245604;0.01;0.008614951
0.48775;0.008245604;0.01;0.008614951
0.488;0.008245604;0.01;0.008614951
0.48825;0.008245604;0.01;0.008614951
0.4885;0.008245604;0.01;0.008614951
0.48875;0.008245604;0.01;0.008614951
0.489;0.008245604;0.01;0.008614951
0.48925;0.008245604;0.01;0.008614951
0.4895;0.008245604;0.01;0.008614951
0.48975;0.008245604;0.01;0.008614951
0.49;0.008245604;0.01;0.008614951
0.49025;0.008245604;0.01;0.008614951
0.4905;0.008245604;0.01;0.008614951
0.49075;0.008245604;0.01;0.008614951
0.491;0.008245604;0.01;0.008614951
0.49125;0.008245604;0.01;0.008614951
0.4915;0.008245604;0.01;0.008614951
0.49175;0.008245604;0.01;0.008614951
0.492;0.008245604;0.01;0.008614951
0.49225;0.008245604;0.01;0.008614951
0.4925;0.008245604;0.01;0.008614951
0.49275;0.008245604;0.01;0.008614951
0.493;0.008245604;0.01;0.008614951
0.49325;0.008245604;0.01;0.008614951
0.4935;0.008245604;0.01;0.008614951
0.49375;0.008245604;0.01;0.008614951
0.494;0.008245604;0.01;0.008614951
0.49425;0.008245604;0.01;0.008614951
0.4945;0.008245604;0.01;0.008614951
0.49475;0.008245604;0.01;0.008614951
0.495;0.008245604;0.01;0.008614951
0.49525;0.008245604;0.01;0.008614951
0.4955;0.008245604;0.01;0.008614951
0.49575;0.008245604;0.01;0.008614951
0.496;0.008245604;0.01;0.008614951
0.49625;0.008245604;0.01;0.008614951
0.4965;0.008245604;0.01;0.008614951
0.49675;0.008245604;0.01;0.008614951
0.497;0.008245604;0.01;0.008614951
0.49725;0.008245604;0.01;0.008614951
0.4975;0.008245604;0.01;0.008614951
0.49775;0.008245604;0.01;0.008614951
0.498;0.008245604;0.01;0.008614951
0.49825;0.008245604;0.01;0.008614951
0.4985;0.008245604;0.01;0.008614951
0.49875;0.008245604;0.01;0.008614951
0.499;0.008245604;0.01;0.008614951
0.49925;0.008245604;0.01;0.008614951
0.4995;0.008245604;0.01;0.008614951
0.49975;0.008245604;0.01;0.008614951
